id,key,value,type
4493469,name,,regular
4493469,oneway,yes,regular
4493469,highway,primary,regular
4493469,en,,name
4493469,zh,,name
4493469,zh_pinyin,,name
9853512,service,siding,regular
23023861,aeroway,taxiway,regular
24476295,name,,regular
24476295,highway,service,regular
24476295,service,alley,regular
24476295,int_name,Neiwubu Hutong,regular
24825312,city,北京,addr
24825312,amenity,place_of_worship,regular
24825312,denomination,Lamaist,regular
24825312,name,,regular
24825312,en,,name
24825312,es,,name
24825312,zh_pinyin,,name
24825312,zh_TW,,name
24825312,opening_hours,Mo-Su 08:30-17:30,regular
24825312,religion,buddhist,regular
24825312,tourism,attraction,regular
24825312,website,http://www.yonghegong.cn/,regular
24825312,wikipedia,en:Yonghe Temple,regular
24825312,de,Yonghe-Tempel,wikipedia
24825312,zh,雍和宫,wikipedia
25093057,name,,regular
25093057,highway,tertiary,regular
25093057,en,,name
25093057,trolley_wire,yes,regular
25375841,highway,service,regular
25671100,layer,1,regular
25671100,bridge,yes,regular
25671100,oneway,yes,regular
25671100,highway,trunk_link,regular
26119400,highway,footway,regular
26288993,oneway,yes,regular
26288993,highway,tertiary_link,regular
26334387,railway,rail,regular
26334387,service,spur,regular
26390501,bridge,yes,regular
26390501,highway,motorway,regular
26390501,lanes,3,regular
26390501,layer,1,regular
26390501,name,,regular
26390501,oneway,yes,regular
26390501,ref,S50,regular
26428067,name,,regular
26428067,lanes,2,regular
26428067,layer,1,regular
26428067,bridge,yes,regular
26428067,oneway,yes,regular
26428067,highway,motorway,regular
26428067,int_ref,AH3,regular
26428067,en,6th Ring 路,name
26516004,name,,regular
26516004,layer,-3,regular
26516004,landuse,commercial,regular
26516004,en,,name
26812224,highway,footway,regular
27054400,oneway,yes,regular
27054400,highway,tertiary_link,regular
27054400,maxheight,3.5,regular
28947684,name,,regular
28947684,oneway,yes,regular
28947684,highway,secondary,regular
28947684,en,,name
28947684,int_name,Meishi Jie,regular
29151715,oneway,yes,regular
29151715,highway,motorway_link,regular
29179846,ref,G108,regular
29179846,name,,regular
29179846,lanes,3,regular
29179846,oneway,yes,regular
29179846,highway,trunk,regular
29179846,alt_name,莲石西路,regular
29235330,layer,1,regular
29235330,bridge,yes,regular
29235330,oneway,yes,regular
29235330,highway,motorway_link,regular
29257567,layer,1,regular
29257567,bridge,yes,regular
29257567,oneway,yes,regular
29257567,highway,secondary,regular
29309226,oneway,yes,regular
29309226,highway,secondary_link,regular
29423042,railway,rail,regular
29423042,service,siding,regular
30065014,name,,regular
30065014,layer,1,regular
30065014,bridge,yes,regular
30065014,oneway,yes,regular
30065014,highway,secondary,regular
30065014,int_name,Fuchengmen Qiao,regular
30065014,trolley_wire,yes,regular
30212693,name,,regular
30212693,layer,2,regular
30212693,bridge,yes,regular
30212693,oneway,yes,regular
30212693,highway,secondary,regular
30748403,name,,regular
30748403,highway,tertiary,regular
30748403,en,,name
30766509,name,,regular
30766509,highway,service,regular
30766509,en,,name
30766509,service,alley,regular
30784273,name,,regular
30784273,en,,name
30784273,zh,,name
30784273,tourism,attraction,regular
30784273,historic,monument,regular
30784273,zh_pinyin,,name
30832949,name,,regular
30832949,highway,residential,regular
30832949,en,,name
30832949,int_name,Liuyin Jie,regular
30838793,name,,regular
30838793,highway,service,regular
30838793,en,,name
30838793,service,alley,regular
31099356,highway,footway,regular
31961400,highway,residential,regular
31961400,created_by,Potlatch 0.10f,regular
33406775,name,W. Guanghe 路,regular
33406775,highway,tertiary,regular
33457231,highway,service,regular
33506195,highway,tertiary,regular
33611642,name,Daheihu 胡同,regular
33611642,highway,service,regular
33611642,service,alley,regular
33615466,ref,G1,regular
33615466,name,,regular
33615466,lanes,3,regular
33615466,layer,2,regular
33615466,bridge,yes,regular
33615466,oneway,yes,regular
33615466,highway,motorway,regular
33615466,zh_pinyin,,name
33658134,layer,1,regular
33658134,bridge,yes,regular
33658134,highway,footway,regular
34104205,name,Rongxian 胡同,regular
34104205,highway,service,regular
34104205,service,alley,regular
34574599,highway,residential,regular
36454551,ref,S305,regular
36454551,highway,primary,regular
40364943,highway,path,regular
40364943,sac_scale,hiking,regular
40543904,building,yes,regular
40591213,building,yes,regular
40606183,building,yes,regular
40627622,name,,regular
40627622,zh,,name
40627622,building,yes,regular
40631339,building,yes,regular
40631339,colour,#FB994D,roof
40631339,material,roof_tiles,roof
40632390,name,,regular
40632390,zh,,name
40632390,building,yes,regular
40798571,name,,regular
40798571,building,yes,regular
40798571,shape,hipped,roof
40798571,colour,#FB994D,roof
40798571,material,roof_tiles,roof
41656899,oneway,yes,regular
41656899,highway,secondary_link,regular
41656899,maxheight,4,regular
41662008,layer,1,regular
41662008,natural,wood,regular
42345315,name,Xiaowuji 路,regular
42345315,highway,residential,regular
42353627,name,,regular
42353627,oneway,yes,regular
42353627,highway,tertiary,regular
42353627,int_name,Tianchen Donglu,regular
42366665,oneway,yes,regular
42366665,highway,tertiary_link,regular
42398977,highway,residential,regular
42412801,name,,regular
42412801,oneway,yes,regular
42412801,highway,tertiary,regular
42412801,int_name,Anzhen Lu,regular
42424193,highway,footway,regular
42424193,surface,cobblestone,regular
42488873,name,,regular
42488873,highway,residential,regular
42498763,ref,S204,regular
42498763,oneway,yes,regular
42498763,highway,primary,regular
42498763,junction,roundabout,regular
42509075,building,yes,regular
42576880,barrier,wall,regular
42623424,barrier,wall,regular
42673589,name,,regular
42673589,highway,residential,regular
42673589,en,,name
42681405,barrier,wall,regular
42686779,area,yes,regular
42686779,highway,pedestrian,regular
42686779,surface,cobblestone,regular
42720164,oneway,yes,regular
42720164,highway,tertiary_link,regular
42746526,name,,regular
42746526,lanes,3,regular
42746526,oneway,yes,regular
42746526,highway,trunk,regular
42746526,en,,name
42746526,fr,,name
42746526,zh,,name
42746526,zh_pinyin,,name
42749481,name,,regular
42749481,highway,tertiary,regular
42749481,zh_pinyin,,name
42941650,ref,G6,regular
42941650,name,,regular
42941650,lanes,3,regular
42941650,oneway,yes,regular
42941650,highway,motorway,regular
42941650,int_ref,AH3,regular
42966049,gauge,1435,regular
42966049,layer,-1,regular
42966049,usage,main,regular
42966049,source,Yahoo hires,regular
42966049,tracks,2,regular
42966049,tunnel,yes,regular
42966049,railway,rail,regular
42966049,voltage,25000,regular
42966049,frequency,50,regular
42966049,electrified,contact_line,regular
42987172,ref,G1,regular
42987172,name,,regular
42987172,lanes,3,regular
42987172,oneway,yes,regular
42987172,highway,motorway,regular
42987172,int_ref,AH1,regular
42987172,short_name,京哈高速,regular
43045238,area,yes,regular
43045238,name,,regular
43045238,railway,platform,regular
43047284,name,,regular
43047284,railway,rail,regular
43047284,service,siding,regular
43534229,tunnel,yes,regular
43534229,highway,footway,regular
43534229,surface,cobblestone,regular
43921137,name,,regular
43921137,en,,name
43921137,zh,,name
43921137,building,yes,regular
43921137,shape,hipped,roof
43921137,colour,blue,roof
43921137,material,roof_tiles,roof
43926818,highway,footway,regular
43929187,highway,footway,regular
43976641,foot,yes,regular
43976641,highway,footway,regular
43977797,building,yes,regular
43977898,building,yes,regular
45788591,name,,regular
45788591,railway,platform,regular
47502450,oneway,yes,regular
47502450,highway,tertiary_link,regular
47570828,name,,regular
47570828,highway,tertiary,regular
47573379,oneway,yes,regular
47573379,highway,tertiary,regular
47575261,layer,1,regular
47575261,bridge,yes,regular
47575261,oneway,yes,regular
47575261,highway,motorway_link,regular
47575261,int_ref,AH1,regular
47577941,layer,1,regular
47577941,bridge,yes,regular
47577941,oneway,yes,regular
47577941,highway,motorway_link,regular
47612721,highway,tertiary,regular
47660185,oneway,yes,regular
47660185,highway,motorway_link,regular
47693387,name,,regular
47693387,oneway,yes,regular
47693387,highway,secondary,regular
47732966,railway,rail,regular
47867796,oneway,yes,regular
47867796,highway,motorway_link,regular
48044260,ref,S216,regular
48044260,name,,regular
48044260,oneway,yes,regular
48044260,highway,secondary,regular
48134975,highway,residential,regular
50633435,highway,secondary_link,regular
50636596,highway,motorway_link,regular
50636596,oneway,yes,regular
51267744,gauge,1435,regular
51267744,colour,#F9E700,regular
51267744,railway,subway,regular
51267744,voltage,750,regular
51267744,frequency,0,regular
51267744,electrified,rail,regular
52734252,layer,1,regular
52734252,bridge,yes,regular
52734252,highway,unclassified,regular
54816231,layer,-1,regular
54816231,source,Yahoo hires,regular
54816231,tunnel,yes,regular
54816231,railway,rail,regular
55335032,source,Yahoo hires,regular
55335032,highway,unclassified,regular
55343671,bridge,yes,regular
55343671,highway,primary,regular
55343671,layer,1,regular
55343671,name,,regular
55343671,source,Yahoo hires,regular
55706144,highway,residential,regular
55788463,name,,regular
55788463,leisure,golf_course,regular
55884119,highway,residential,regular
57885665,highway,service,regular
58645329,name,,regular
58645329,landuse,residential,regular
58692525,oneway,yes,regular
58692525,highway,motorway_link,regular
59167994,highway,service,regular
59167994,service,alley,regular
59174495,highway,residential,regular
59181719,highway,service,regular
59181719,service,alley,regular
59188975,highway,residential,regular
59189090,highway,residential,regular
59198157,highway,service,regular
59198157,service,alley,regular
59210726,highway,residential,regular
59210834,highway,residential,regular
59216986,highway,residential,regular
59217099,highway,service,regular
59217099,service,alley,regular
59221376,highway,service,regular
59221376,service,alley,regular
60105895,highway,residential,regular
60110824,highway,residential,regular
60495793,highway,residential,regular
60500567,highway,residential,regular
60540233,building,yes,regular
68315146,source,Yahoo hires,regular
68315146,highway,unclassified,regular
71401508,source,Yahoo hires,regular
71401508,landuse,residential,regular
74142117,waterway,stream,regular
77966307,source,Yahoo hires,regular
77966307,highway,residential,regular
79292477,highway,unclassified,regular
80330534,source,Yahoo hires,regular
80330534,highway,unclassified,regular
80902537,highway,service,regular
83799291,access,permissive,regular
83799291,highway,service,regular
83799291,construction,yes,regular
84087565,highway,service,regular
84359881,FIXME,steps?,regular
84359881,bridge,yes,regular
84359881,highway,footway,regular
84619947,sport,volleyball,regular
84619947,leisure,pitch,regular
84619947,surface,paved,regular
86113406,ref,S217,regular
86113406,source,GPS,regular
86113406,highway,primary,regular
86209052,source,Yahoo hires,regular
86209052,highway,residential,regular
87287292,lanes,2,regular
87287292,layer,1,regular
87287292,bridge,yes,regular
87287292,oneway,yes,regular
87287292,highway,motorway,regular
87287422,oneway,yes,regular
87287422,source,bing,regular
87287422,highway,secondary_link,regular
88217545,highway,steps,regular
89380267,name,,regular
89380267,source,bing,regular
89380267,barrier,city_wall,regular
89380267,de,,name
89380267,en,,name
89380267,zh,,name
89380267,historic,citywalls,regular
89380267,military,cordon,regular
89380267,two_sided,yes,regular
89380267,wikipedia,de:Chinesische Mauer,regular
89380267,civilization,imperial_chinese,historic
90942996,aeroway,taxiway,regular
90984955,aeroway,taxiway,regular
91003892,name,,regular
91003892,oneway,yes,regular
91003892,highway,primary,regular
91003892,en,,name
91003892,int_name,Kaiyang Lu,regular
91015304,aeroway,taxiway,regular
91798850,name,,regular
91798850,source,bing,regular
91798850,barrier,city_wall,regular
91798850,de,,name
91798850,en,,name
91798850,zh,,name
91798850,historic,citywalls,regular
91798850,two_sided,yes,regular
93227108,highway,residential,regular
93847374,railway,rail,regular
94253069,source,bing,regular
94253069,highway,residential,regular
97317067,name,,regular
97317067,highway,tertiary,regular
102404852,aeroway,taxiway,regular
102413730,ref,G4,regular
102413730,name,,regular
102413730,lanes,3,regular
102413730,oneway,yes,regular
102413730,highway,motorway,regular
102413730,int_ref,AH1,regular
102413730,en,Jingshi 高速公路,name
102413730,converted_by,Track2osm,regular
103009750,name,,regular
103009750,target,CN,regular
103009750,amenity,embassy,regular
103009750,barrier,fence,regular
103009750,country,DE,regular
103009750,de,,name
103009750,en,,name
103009750,zh,,name
103009750,diplomatic,embassy,regular
103255979,oneway,yes,regular
103255979,highway,trunk_link,regular
104129610,highway,trunk_link,regular
104637476,oneway,yes,regular
104637476,highway,trunk_link,regular
105150485,name,,regular
105150485,highway,tertiary,regular
106615243,bridge,yes,regular
106615243,highway,footway,regular
106622975,highway,service,regular
106996386,oneway,yes,regular
106996386,highway,trunk_link,regular
107011204,layer,1,regular
107011204,bridge,yes,regular
107011204,highway,footway,regular
107087208,source,"Bing, 2005-04",regular
107087208,building,yes,regular
107109355,highway,residential,regular
108033654,ref,X005,regular
108033654,highway,secondary,regular
108155190,highway,service,regular
108383921,highway,residential,regular
109349623,oneway,yes,regular
109349623,highway,service,regular
109368260,tunnel,yes,regular
109368260,highway,unclassified,regular
111729415,highway,residential,regular
113676072,railway,rail,regular
113814086,building,yes,regular
114079988,highway,tertiary,regular
114412864,layer,-4,regular
114412864,railway,platform,regular
114412864,public_transport,platform,regular
114637124,bridge,yes,regular
114637124,highway,footway,regular
114735730,lanes,1,regular
114735730,highway,residential,regular
115330826,layer,2,regular
115330826,bridge,yes,regular
115330826,oneway,yes,regular
115330826,highway,trunk_link,regular
115505279,building,train_station,regular
115505279,public_transport,station,regular
115951199,railway,rail,regular
116988726,highway,residential,regular
117082590,highway,residential,regular
117089653,highway,residential,regular
117224385,highway,residential,regular
117574197,highway,residential,regular
117703479,highway,footway,regular
117957211,highway,residential,regular
118555341,railway,abandoned,regular
118555341,service,spur,regular
119561847,building,yes,regular
119561988,highway,residential,regular
119562088,oneway,yes,regular
119562088,highway,tertiary,regular
119616724,highway,residential,regular
120275302,layer,-2,regular
120275302,railway,platform,regular
120275302,public_transport,platform,regular
120293550,gauge,1435,regular
120293550,railway,subway,regular
120293550,service,yard,regular
120293550,voltage,750,regular
120293550,frequency,0,regular
120293550,electrified,rail,regular
120383070,highway,service,regular
120407428,highway,service,regular
120407428,surface,asphalt,regular
120491967,oneway,yes,regular
120491967,highway,tertiary_link,regular
120491967,maxheight,3.5,regular
120495428,oneway,yes,regular
120495428,highway,motorway_link,regular
120509336,gauge,1435,regular
120509336,railway,subway,regular
120509336,service,yard,regular
120509336,voltage,750,regular
120509336,electrified,rail,regular
120772581,layer,-4,regular
120772581,railway,platform,regular
120772581,public_transport,platform,regular
121065610,amenity,parking,regular
121065610,parking,surface,regular
121231301,gauge,1435,regular
121231301,layer,1,regular
121231301,bridge,viaduct,regular
121231301,colour,#800080,regular
121231301,railway,subway,regular
121231301,service,siding,regular
121231301,voltage,750,regular
121231301,electrified,rail,regular
121370743,layer,-4,regular
121370743,covered,yes,regular
121370743,building,train_station,regular
121370743,public_transport,station,regular
121399301,oneway,yes,regular
121399301,highway,trunk_link,regular
121485736,electrified,contact_line,regular
121485736,frequency,50,regular
121485736,gauge,1435,regular
121485736,layer,-1,regular
121485736,railway,rail,regular
121485736,source,Yahoo hires,regular
121485736,start_date,1989,regular
121485736,tracks,2,regular
121485736,tunnel,yes,regular
121485736,length,8460,tunnel
121485736,name,,tunnel
121485736,name:de,Jundushan-Tunnel,tunnel
121485736,name:en,Jundushan Tunnel,tunnel
121485736,usage,main,regular
121485736,voltage,25000,regular
121485736,wikipedia,de:Jundushan-Tunnel,regular
121649192,oneway,yes,regular
121649192,highway,primary_link,regular
121651215,access,private,regular
121651215,amenity,parking,regular
121651215,parking,surface,regular
121777665,gauge,1435,regular
121777665,layer,-4,regular
121777665,colour,#008193,regular
121777665,tunnel,yes,regular
121777665,railway,subway,regular
121777665,voltage,750,regular
121777665,frequency,0,regular
121777665,electrified,rail,regular
121903995,access,private,regular
121903995,amenity,parking,regular
121903995,parking,surface,regular
121980935,gauge,1435,regular
121980935,layer,-4,regular
121980935,tunnel,yes,regular
121980935,railway,subway,regular
121980935,voltage,750,regular
121980935,electrified,rail,regular
121991174,highway,footway,regular
122091106,name,,regular
122091106,oneway,yes,regular
122091106,highway,tertiary,regular
122214320,bridge,yes,regular
122214320,history,Retrieved from v5,regular
122214320,railway,rail,regular
122345930,highway,residential,regular
122350018,barrier,fence,regular
122705365,highway,unclassified,regular
126857013,layer,-4,regular
126857013,source,bing,regular
126857013,covered,yes,regular
126857013,building,train_station,regular
126857013,public_transport,station,regular
126906004,oneway,yes,regular
126906004,highway,tertiary,regular
127017882,highway,tertiary,regular
127024916,ref,G103,regular
127024916,name,,regular
127024916,lanes,3,regular
127024916,oneway,yes,regular
127024916,highway,motorway,regular
127024916,loc_name,京通快速,regular
127024916,short_name,京塘线,regular
127024916,en,Jingtong Expressway,loc_name
127024916,fr,Autoroute Jīngtōng,loc_name
127024916,zh,京通快速,loc_name
127024916,zh_pinyin,jīngtōng gāosùlù,loc_name
127031104,ref,G102,regular
127031104,name,,regular
127031104,lanes,2,regular
127031104,oneway,yes,regular
127031104,highway,motorway,regular
127031104,loc_name,通燕高速,regular
127031104,short_name,京哈线,regular
127464444,oneway,yes,regular
127464444,highway,secondary,regular
127468269,highway,trunk_link,regular
127516339,highway,residential,regular
127529472,railway,rail,regular
127529472,service,siding,regular
127590726,usage,main,regular
127590726,railway,rail,regular
127590726,passenger_lines,2,regular
127699396,layer,1,regular
127699396,bridge,yes,regular
127699396,railway,rail,regular
127714575,oneway,yes,regular
127714575,highway,trunk_link,regular
128009722,name,,regular
128009722,oneway,yes,regular
128009722,highway,primary,regular
128009722,en,,name
128009722,int_name,Chegongzhuang Donglu,regular
128009722,trolley_wire,yes,regular
128248659,highway,motorway_link,regular
128482652,railway,rail,regular
128504961,highway,footway,regular
128622931,covered,yes,regular
128622931,highway,footway,regular
128690892,oneway,yes,regular
128690892,highway,trunk_link,regular
128883595,name,,regular
128883595,highway,residential,regular
129595373,oneway,yes,regular
129595373,highway,tertiary,regular
132750938,waterway,river,regular
134688107,waterway,ditch,regular
134783506,landuse,basin,regular
134796170,layer,1,regular
134796170,bridge,yes,regular
134796170,highway,track,regular
135173987,waterway,ditch,regular
135872791,highway,track,regular
136511986,name,,regular
136511986,oneway,yes,regular
136511986,highway,tertiary,regular
136511986,en,,name
136702231,highway,footway,regular
136879755,name,,regular
136879755,shop,department_store,regular
136879755,building,yes,regular
138589993,name,,regular
138589993,oneway,yes,regular
138589993,highway,tertiary,regular
139339331,name,,regular
139339331,oneway,yes,regular
139339331,highway,primary,regular
139339331,en,,name
139339331,int_name,Xizhimenwai Dajie,regular
139502706,ref,G6,regular
139502706,name,,regular
139502706,lanes,3,regular
139502706,oneway,yes,regular
139502706,highway,motorway,regular
139502706,alt_name,八达岭高速,regular
139502706,short_name,京藏高速,regular
139502706,en,Badaling Expressway,alt_name
139880509,bench,no,regular
139880509,highway,platform,regular
139880509,shelter,no,regular
139880509,public_transport,platform,regular
141533825,name,,regular
141533825,oneway,yes,regular
141533825,highway,primary,regular
141533825,en,,name
141533825,trolley_wire,yes,regular
142602146,name,,regular
142602146,building,yes,regular
143599468,name,,regular
143599468,oneway,yes,regular
143599468,highway,tertiary,regular
143832424,bridge,yes,regular
143832424,highway,cycleway,regular
143832424,layer,1,regular
143832424,oneway,yes,regular
144780255,lanes,3,regular
144780255,oneway,yes,regular
144780255,highway,secondary,regular
144780255,maxheight,2.5,regular
144919577,name,,regular
144919577,oneway,yes,regular
144919577,highway,tertiary,regular
146483201,lanes,3,regular
146483201,layer,1,regular
146483201,bridge,yes,regular
146483201,oneway,yes,regular
146483201,highway,motorway,regular
146586694,oneway,yes,regular
146586694,highway,primary_link,regular
146632270,building,yes,regular
146712607,oneway,yes,regular
146712607,highway,trunk_link,regular
149123898,name,,regular
149123898,oneway,yes,regular
149123898,highway,primary,regular
149123898,en,Xing Shi Kou 路,name
149226258,building,yes,regular
150541842,oneway,yes,regular
150541842,highway,trunk_link,regular
150585637,bridge,yes,regular
150585637,highway,footway,regular
150607130,bench,yes,regular
150607130,highway,platform,regular
150607130,shelter,yes,regular
150607130,public_transport,platform,regular
150926385,name,,regular
150926385,oneway,yes,regular
150926385,highway,trunk,regular
151825222,railway,rail,regular
151917562,oneway,yes,regular
151917562,highway,tertiary_link,regular
151990731,building,yes,regular
152432068,highway,platform,regular
152432068,shelter,yes,regular
152432068,public_transport,platform,regular
152445189,bridge,yes,regular
152445189,highway,footway,regular
152593133,building,yes,regular
152595421,gauge,1435,regular
152595421,railway,subway,regular
152595421,service,yard,regular
152595421,voltage,750,regular
152595421,frequency,0,regular
152595421,electrified,rail,regular
152606847,gauge,1435,regular
152606847,railway,subway,regular
152606847,service,yard,regular
152606847,voltage,750,regular
152606847,frequency,0,regular
152606847,electrified,rail,regular
152637065,oneway,yes,regular
152637065,highway,tertiary,regular
153064743,layer,-1,regular
153064743,highway,residential,regular
154084475,oneway,yes,regular
154084475,highway,service,regular
154197830,access,private,regular
154197830,highway,residential,regular
154526748,bridge,yes,regular
154526748,layer,1,regular
154526748,railway,rail,regular
154526748,service,spur,regular
154860690,highway,residential,regular
155105734,gauge,1435,regular
155105734,layer,2,regular
155105734,bridge,yes,regular
155105734,colour,#008193,regular
155105734,railway,subway,regular
155105734,voltage,750,regular
155105734,frequency,0,regular
155105734,electrified,rail,regular
155174322,name,,regular
155174322,highway,tertiary,regular
155174322,en,,name
155588005,bench,yes,regular
155588005,highway,platform,regular
155588005,shelter,yes,regular
155588005,public_transport,platform,regular
156261174,oneway,yes,regular
156261174,highway,primary_link,regular
156338825,oneway,yes,regular
156338825,highway,tertiary_link,regular
156453743,name,,regular
156453743,oneway,yes,regular
156453743,highway,unclassified,regular
156453743,en,,name
157838516,name,,regular
157838516,oneway,yes,regular
157838516,highway,tertiary,regular
157838516,en,Yong'an 路,name
157838636,name,,regular
157838636,oneway,yes,regular
157838636,highway,tertiary,regular
157872317,highway,service,regular
158054595,ref,S11,regular
158054595,name,,regular
158054595,lanes,3,regular
158054595,oneway,yes,regular
158054595,highway,motorway,regular
158054595,short_name,京承高速,regular
158054723,layer,1,regular
158054723,bridge,yes,regular
158054723,oneway,yes,regular
158054723,highway,secondary,regular
158145800,name,,regular
158145800,lanes,3,regular
158145800,layer,1,regular
158145800,bridge,yes,regular
158145800,oneway,yes,regular
158145800,highway,motorway,regular
158145800,maxweight,46,regular
158145800,maxaxleload,10,regular
158212670,name,,regular
158212670,source,Yahoo hires,regular
158212670,highway,tertiary,regular
159524546,oneway,yes,regular
159524546,highway,secondary_link,regular
159539534,oneway,yes,regular
159539534,highway,cycleway,regular
159783239,name,,regular
159783239,oneway,yes,regular
159783239,highway,secondary,regular
159783239,zh_pinyin,,name
159797840,bench,no,regular
159797840,highway,platform,regular
159797840,shelter,no,regular
159797840,public_transport,platform,regular
159812372,name,,regular
159812372,oneway,yes,regular
159812372,highway,trunk,regular
160082852,highway,service,regular
161287539,name,,regular
161287539,highway,tertiary,regular
161287539,en,Shuangqing 路,name
161287539,fr,,name
161287539,zh,,name
161287539,zh_pinyin,,name
161355922,name,,regular
161355922,oneway,yes,regular
161355922,highway,tertiary,regular
161355922,en,Anxiang North 路,name
161453445,bench,no,regular
161453445,highway,platform,regular
161453445,shelter,no,regular
161453445,public_transport,platform,regular
161463766,name,,regular
161463766,access,no,regular
161463766,oneway,yes,regular
161463766,highway,tertiary,regular
161463766,en,TianChen East 路,name
161463766,int_name,Tianchen Donglu,regular
161658492,oneway,yes,regular
161658492,highway,secondary,regular
161658492,junction,roundabout,regular
161675351,highway,service,regular
161687919,lanes,2,regular
161687919,layer,1,regular
161687919,bridge,yes,regular
161687919,oneway,yes,regular
161687919,highway,motorway_link,regular
161802145,brand,中国石化,regular
161802145,layer,1,regular
161802145,amenity,fuel,regular
161802145,building,yes,regular
161814659,bridge,yes,regular
161814659,highway,tertiary_link,regular
161814659,layer,1,regular
161814659,oneway,yes,regular
161814659,psv,no,oneway
161814659,trolley_wire,yes,regular
162164967,highway,path,regular
162384813,name,,regular
162384813,highway,tertiary,regular
162384813,int_name,Xiaowei Hutong,regular
162586755,bridge,yes,regular
162586755,highway,footway,regular
162970641,bridge,yes,regular
162970641,highway,footway,regular
163051614,gauge,1435,regular
163051614,railway,subway,regular
163051614,service,yard,regular
163051614,voltage,750,regular
163051614,frequency,0,regular
163051614,electrified,rail,regular
163822323,bench,no,regular
163822323,highway,platform,regular
163822323,shelter,yes,regular
163822323,public_transport,platform,regular
164177854,lit,no,regular
164177854,toll,yes,regular
164177854,lanes,2,regular
164177854,oneway,yes,regular
164177854,highway,motorway_link,regular
164177854,surface,asphalt,regular
164177979,lit,no,regular
164177979,toll,yes,regular
164177979,lanes,1,regular
164177979,layer,1,regular
164177979,bridge,yes,regular
164177979,oneway,yes,regular
164177979,highway,motorway_link,regular
164177979,surface,asphalt,regular
164226261,lanes,2,regular
164226261,layer,1,regular
164226261,bridge,yes,regular
164226261,highway,tertiary,regular
164226261,surface,asphalt,regular
164587505,oneway,yes,regular
164587505,highway,service,regular
164665753,name,,regular
164665753,building,yes,regular
164923064,name,,regular
164923064,oneway,yes,regular
164923064,highway,tertiary,regular
164923064,en,Jianguo 路,name
164923064,int_name,Jian' Guo Lu,regular
164929461,name,,regular
164929461,highway,tertiary,regular
164929461,en,Xiaowuji 路,name
164946956,gauge,1435,regular
164946956,layer,-4,regular
164946956,tunnel,yes,regular
164946956,railway,subway,regular
164946956,service,siding,regular
164946956,voltage,750,regular
164946956,frequency,0,regular
164946956,electrified,rail,regular
164957361,building,yes,regular
165169922,layer,1,regular
165169922,bridge,yes,regular
165169922,highway,steps,regular
165628711,bench,no,regular
165628711,highway,platform,regular
165628711,shelter,yes,regular
165628711,public_transport,platform,regular
165628834,name,,regular
165628834,lanes,4,regular
165628834,layer,1,regular
165628834,bridge,yes,regular
165628834,oneway,yes,regular
165628834,highway,trunk,regular
165634587,name,,regular
165634587,highway,tertiary,regular
165683012,building,yes,regular
165746171,name,,regular
165746171,highway,residential,regular
165746171,en,Tieyi 路,name
166490604,highway,footway,regular
167303954,building,yes,regular
167436999,bridge,yes,regular
167436999,highway,motorway,regular
167436999,lanes,3,regular
167436999,layer,1,regular
167436999,oneway,yes,regular
167436999,ref,G45;G106,regular
167452255,layer,1,regular
167452255,bridge,yes,regular
167452255,highway,footway,regular
167648258,oneway,yes,regular
167648258,highway,cycleway,regular
168857138,building,yes,regular
169067556,name,,regular
169067556,layer,1,regular
169067556,bridge,yes,regular
169067556,oneway,yes,regular
169067556,highway,tertiary,regular
169095618,name,,regular
169095618,oneway,yes,regular
169095618,highway,tertiary,regular
169095618,zh_pinyin,,name
169204618,oneway,yes,regular
169204618,highway,tertiary,regular
169223399,highway,service,regular
169439325,name,,regular
169439325,oneway,yes,regular
169439325,highway,tertiary,regular
169587492,layer,1,regular
169587492,bridge,yes,regular
169587492,highway,steps,regular
169594752,ref,2,regular
169594752,area,yes,regular
169594752,railway,platform,regular
169594752,public_transport,platform,regular
169612330,name,,regular
169612330,layer,1,regular
169612330,amenity,fuel,regular
169612330,building,yes,regular
169620676,name,,regular
169620676,oneway,yes,regular
169620676,highway,tertiary,regular
169620676,int_name,Xiaoying Beilu,regular
169678226,oneway,yes,regular
169678226,highway,tertiary,regular
169688253,oneway,yes,regular
169688253,highway,tertiary_link,regular
169691106,ref,S5,regular
169691106,aeroway,taxiway,regular
169694578,highway,unclassified,regular
169703330,highway,unclassified,regular
169707874,highway,residential,regular
169985881,highway,tertiary,regular
170261255,layer,1,regular
170261255,bridge,yes,regular
170261255,highway,secondary_link,regular
170478073,name,,regular
170478073,highway,residential,regular
170633834,amenity,parking,regular
170863278,name,,regular
170863278,oneway,yes,regular
170863278,highway,tertiary,regular
171676769,bench,yes,regular
171676769,highway,platform,regular
171676769,shelter,yes,regular
171676769,public_transport,platform,regular
171926807,highway,tertiary,regular
171979661,ref,G45,regular
171979661,name,Beijing -Chengde 高速公路,regular
171979661,lanes,3,regular
171979661,oneway,yes,regular
171979661,highway,motorway,regular
172180970,layer,1,regular
172180970,bridge,yes,regular
172180970,highway,footway,regular
172624189,layer,1,regular
172624189,bridge,yes,regular
172624189,highway,steps,regular
172788769,name,,regular
172788769,oneway,yes,regular
172788769,highway,tertiary,regular
172813968,bench,no,regular
172813968,highway,platform,regular
172813968,shelter,yes,regular
172813968,public_transport,platform,regular
172826304,name,,regular
172826304,lanes,2,regular
172826304,oneway,yes,regular
172826304,highway,tertiary,regular
172938376,highway,tertiary,regular
173183356,building,yes,regular
173183456,oneway,yes,regular
173183456,highway,secondary,regular
173223494,layer,1,regular
173223494,bridge,yes,regular
173223494,oneway,yes,regular
173223494,highway,trunk_link,regular
173226873,bench,no,regular
173226873,highway,platform,regular
173226873,shelter,yes,regular
173226873,public_transport,platform,regular
173319112,layer,1,regular
173319112,bridge,yes,regular
173319112,highway,steps,regular
173389716,layer,1,regular
173389716,bridge,yes,regular
173389716,oneway,yes,regular
173389716,highway,trunk_link,regular
174149419,name,,regular
174149419,highway,residential,regular
174263642,layer,1,regular
174263642,bridge,yes,regular
174263642,oneway,yes,regular
174263642,highway,tertiary,regular
174270951,highway,footway,regular
174524117,railway,rail,regular
174546050,ref,X023,regular
174546050,name,,regular
174546050,oneway,yes,regular
174546050,highway,primary,regular
174546050,en,Bei Qing 路,name
174581516,highway,unclassified,regular
174799481,oneway,yes,regular
174799481,highway,tertiary_link,regular
174799481,maxheight,3.5,regular
175186695,highway,residential,regular
175226698,name,,regular
175226698,oneway,yes,regular
175226698,highway,tertiary,regular
175381129,layer,1,regular
175381129,bridge,yes,regular
175381129,oneway,yes,regular
175381129,highway,cycleway,regular
175398492,name,,regular
175398492,oneway,yes,regular
175398492,highway,secondary,regular
175535870,height,54,regular
175535870,building,residential,regular
175535870,levels,18,building
175535870,min_level,-1,building
176437965,oneway,yes,regular
176437965,highway,secondary_link,regular
176576441,name,,regular
176576441,oneway,yes,regular
176576441,highway,tertiary,regular
176591978,bench,yes,regular
176591978,highway,platform,regular
176591978,shelter,no,regular
176591978,public_transport,platform,regular
178307275,bench,no,regular
178307275,highway,platform,regular
178307275,shelter,yes,regular
178307275,public_transport,platform,regular
178498146,highway,residential,regular
178686519,name,,regular
178686519,highway,tertiary,regular
178770930,oneway,yes,regular
178770930,highway,trunk_link,regular
178930308,highway,residential,regular
180188902,building,yes,regular
180190349,building,yes,regular
181460548,oneway,yes,regular
181460548,highway,secondary_link,regular
182047055,highway,footway,regular
182690213,layer,1,regular
182690213,bridge,yes,regular
182690213,oneway,yes,regular
182690213,highway,motorway_link,regular
182774303,ref,S32,regular
182774303,name,,regular
182774303,lanes,2,regular
182774303,layer,2,regular
182774303,oneway,yes,regular
182774303,highway,motorway,regular
182774303,maxspeed,120,regular
183455671,ref,G4,regular
183455671,name,,regular
183455671,lanes,3,regular
183455671,oneway,yes,regular
183455671,highway,motorway,regular
183455671,alt_name,京石高速公路,regular
183455671,maxheight,4,regular
183455671,short_name,京港澳高速,regular
183455671,en,Jingshi Expressway,alt_name
183486874,highway,residential,regular
183596061,name,,regular
183596061,oneway,yes,regular
183596061,highway,secondary,regular
183822138,lanes,3,regular
183822138,layer,1,regular
183822138,bridge,yes,regular
183822138,oneway,yes,regular
183822138,highway,motorway,regular
183870007,name,,regular
183870007,highway,tertiary,regular
183870007,en,Ba Da Chu 路,name
183903023,bench,no,regular
183903023,highway,platform,regular
183903023,shelter,no,regular
183903023,public_transport,platform,regular
183924562,highway,path,regular
183925486,barrier,fence,regular
184063936,highway,path,regular
184212573,highway,path,regular
184343622,highway,path,regular
184429628,oneway,yes,regular
184429628,highway,trunk_link,regular
184437812,highway,path,regular
184457786,highway,path,regular
184469177,highway,path,regular
184765141,oneway,yes,regular
184765141,highway,residential,regular
185370091,highway,path,regular
185534947,highway,footway,regular
185579073,highway,path,regular
185579176,highway,path,regular
185883799,highway,path,regular
185900777,highway,path,regular
185901001,highway,path,regular
186113260,highway,cycleway,regular
186748135,layer,1,regular
186748135,bridge,yes,regular
186748135,highway,footway,regular
187024629,name,,regular
187024629,oneway,yes,regular
187024629,highway,tertiary,regular
187024629,int_name,Xiaoying Lu,regular
187065922,layer,1,regular
187065922,bridge,yes,regular
187065922,oneway,yes,regular
187065922,highway,tertiary,regular
187794793,highway,footway,regular
187820181,layer,1,regular
187820181,bridge,yes,regular
187820181,oneway,yes,regular
187820181,highway,motorway,regular
187820457,name,,regular
187820457,lanes,2,regular
187820457,layer,1,regular
187820457,bridge,yes,regular
187820457,oneway,yes,regular
187820457,highway,motorway,regular
187820457,int_ref,AH3,regular
187820457,en,Jingjintang 高速公路,name
187842852,lanes,3,regular
187842852,layer,1,regular
187842852,bridge,yes,regular
187842852,oneway,yes,regular
187842852,source,GPS,regular
187842852,highway,motorway,regular
187858710,oneway,yes,regular
187858710,highway,motorway_link,regular
187903234,name,,regular
187903234,oneway,yes,regular
187903234,highway,primary,regular
187903234,en,Santaishan 路,name
187903234,int_name,Santaishan lu,regular
188265904,name,,regular
188265904,lanes,2,regular
188265904,layer,1,regular
188265904,bridge,yes,regular
188265904,oneway,yes,regular
188265904,highway,motorway,regular
188265904,en,6th Ring 路,name
188956330,name,Jingjin 高速公路,regular
188956330,lanes,4,regular
188956330,layer,1,regular
188956330,bridge,yes,regular
188956330,oneway,yes,regular
188956330,highway,motorway,regular
188956456,highway,residential,regular
189306940,name,,regular
189306940,highway,service,regular
189306940,service,alley,regular
190095893,layer,1,regular
190095893,bridge,yes,regular
190095893,railway,rail,regular
190095893,service,spur,regular
190427807,name,,regular
190427807,building,yes,regular
190562420,name,,regular
190562420,building,yes,regular
192763783,source,bing,regular
192763783,highway,path,regular
192773906,source,bing,regular
192773906,highway,path,regular
193285486,highway,footway,regular
194291841,oneway,yes,regular
194291841,highway,tertiary,regular
195186214,name,,regular
195186214,oneway,yes,regular
195186214,highway,secondary,regular
195186214,en,,name
197882340,highway,service,regular
199827587,name,,regular
199827587,oneway,yes,regular
199827587,highway,secondary,regular
199827587,en,,name
199872544,name,,regular
199872544,barrier,fence,regular
199872544,landuse,railway,regular
199958859,layer,1,regular
199958859,bridge,yes,regular
199958859,highway,footway,regular
200320004,bench,yes,regular
200320004,highway,platform,regular
200320004,shelter,yes,regular
200320004,public_transport,platform,regular
200984414,oneway,yes,regular
200984414,highway,cycleway,regular
201330529,layer,1,regular
201330529,bridge,yes,regular
201330529,railway,rail,regular
201330529,service,spur,regular
201932747,ref,517,regular
201932747,aeroway,parking_position,regular
202136244,ref,303,regular
202136244,aeroway,parking_position,regular
202359605,highway,unclassified,regular
202626035,layer,1,regular
202626035,bridge,yes,regular
202626035,highway,tertiary,regular
202773076,highway,motorway,regular
202773076,lanes,4,regular
202773076,name,,regular
202773076,oneway,yes,regular
202773076,ref,G45;G106,regular
204083253,highway,track,regular
205395390,highway,secondary,regular
207537083,name,,regular
207537083,height,40,regular
207537083,building,yes,regular
207895319,natural,grassland,regular
208805044,building,apartments,regular
209460718,highway,unclassified,regular
209994296,name,,regular
209994296,building,yes,regular
210641896,building,yes,regular
210646485,bridge,yes,regular
210646485,highway,footway,regular
210654639,highway,footway,regular
210697367,highway,residential,regular
210697541,oneway,yes,regular
210697541,highway,secondary,regular
210697653,oneway,yes,regular
210697653,highway,tertiary,regular
210783033,building,yes,regular
213148892,highway,unclassified,regular
216958003,bench,no,regular
216958003,highway,platform,regular
216958003,shelter,yes,regular
216958003,public_transport,platform,regular
217141320,name,,regular
217141320,highway,residential,regular
217341575,ref,S216,regular
217341575,name,,regular
217341575,lanes,4,regular
217341575,oneway,yes,regular
217341575,highway,primary,regular
217856115,name,,regular
217856115,lanes,2,regular
217856115,highway,primary,regular
217856115,junction,roundabout,regular
217856115,roundabout,yes,regular
218118349,oneway,yes,regular
218118349,highway,tertiary,regular
218566947,sport,tennis,regular
218566947,leisure,pitch,regular
219328056,bench,no,regular
219328056,highway,platform,regular
219328056,shelter,yes,regular
219328056,public_transport,platform,regular
219487531,bench,no,regular
219487531,highway,platform,regular
219487531,shelter,yes,regular
219487531,public_transport,platform,regular
219661651,oneway,yes,regular
219661651,highway,tertiary_link,regular
219958973,ref,S32,regular
219958973,name,,regular
219958973,lanes,2,regular
219958973,oneway,yes,regular
219958973,highway,motorway,regular
219958973,maxspeed,120,regular
219958973,short_name,京平高速,regular
219963992,name,,regular
219963992,lanes,2,regular
219963992,oneway,yes,regular
219963992,highway,motorway,regular
219963992,int_ref,AH3,regular
219963992,en,6th Ring 路,name
220906777,oneway,yes,regular
220906777,highway,secondary_link,regular
221169865,oneway,yes,regular
221169865,highway,residential,regular
221404013,highway,unclassified,regular
222603846,name,,regular
222603846,building,yes,regular
224193199,natural,water,regular
224841830,amenity,parking,regular
224841830,parking,surface,regular
225001843,building,yes,regular
225648685,amenity,parking,regular
225932292,name,,regular
225932292,highway,residential,regular
225932292,en,,name
226510047,highway,living_street,regular
226666778,name,,regular
226666778,building,residential,regular
226669021,name,,regular
226669021,building,residential,regular
226696321,name,,regular
226696321,building,yes,regular
226936599,building,yes,regular
227124845,building,yes,regular
227324965,highway,steps,regular
227704462,highway,service,regular
228042469,highway,steps,regular
228052306,highway,service,regular
228246713,building,roof,regular
228246713,shape,pyramidal,roof
228246713,colour,orange,roof
229593450,brand,中国石化,regular
229593450,layer,1,regular
229593450,amenity,fuel,regular
229593450,building,yes,regular
229610046,name,,regular
229610046,oneway,yes,regular
229610046,highway,tertiary,regular
229705695,bench,no,regular
229705695,highway,platform,regular
229705695,shelter,yes,regular
229705695,public_transport,platform,regular
229775864,name,,regular
229775864,oneway,yes,regular
229775864,highway,primary,regular
229775864,en,,name
229775864,trolley_wire,yes,regular
229775864,zh_pinyin,,name
230609501,highway,residential,regular
230638947,ref,G4,regular
230638947,name,,regular
230638947,lanes,3,regular
230638947,oneway,yes,regular
230638947,highway,motorway,regular
230638947,alt_name,京石高速公路,regular
230638947,short_name,京港澳高速,regular
230638947,en,Jingshi Expressway,alt_name
231663906,highway,service,regular
231831987,foot,yes,regular
231831987,horse,no,regular
231831987,access,permissive,regular
231831987,bridge,yes,regular
231831987,bicycle,no,regular
231831987,highway,road,regular
231831987,motor_vehicle,no,regular
232093781,building,yes,regular
232100096,highway,footway,regular
232100202,highway,footway,regular
232118898,building,yes,regular
232400536,highway,primary,regular
232432993,highway,footway,regular
232517036,highway,footway,regular
232725159,leisure,golf_course,regular
232867787,landuse,basin,regular
233203221,highway,footway,regular
233328862,highway,footway,regular
233350220,name,,regular
233350220,landuse,residential,regular
233729909,name,,regular
233729909,landuse,residential,regular
234200259,name,,regular
234200259,building,residential,regular
234252175,target,CN,regular
234252175,amenity,embassy,regular
234252175,barrier,fence,regular
234252175,country,MY,regular
234252175,en,,name
234252175,diplomatic,embassy,regular
234442007,ref,S216,regular
234442007,name,,regular
234442007,oneway,yes,regular
234442007,highway,secondary,regular
235270897,name,,regular
235270897,amenity,hospital,regular
235270897,alt_name,前海医院,regular
235270897,building,yes,regular
236209400,name,,regular
236209400,oneway,yes,regular
236209400,highway,secondary,regular
236209400,int_name,Hanhe Lu,regular
237008293,oneway,yes,regular
237008293,highway,primary,regular
237008293,en,,name
237008293,zh,,name
237008293,zh_pinyin,,name
237264429,highway,residential,regular
237300479,highway,secondary,regular
237300479,name,,regular
237300479,zh,,name
237300479,ref,X002,regular
237484245,highway,footway,regular
237613963,building,yes,regular
237617442,building,yes,regular
237950835,highway,residential,regular
237964770,sport,soccer,regular
237964770,source,Bing,regular
237964770,leisure,pitch,regular
238292810,highway,unclassified,regular
238412048,building,yes,regular
238459211,layer,1,regular
238459211,bridge,yes,regular
238459211,highway,steps,regular
238470269,highway,primary_link,regular
238692790,source,Bing,regular
238692790,highway,tertiary,regular
238818300,highway,footway,regular
238914757,building,yes,regular
238922113,building,yes,regular
239029459,building,residential,regular
239054003,building,residential,regular
239084344,highway,tertiary,regular
239184514,building,residential,regular
239205149,name,,regular
239205149,shop,furniture,regular
239205149,building,commercial,regular
239307197,building,residential,regular
239435424,building,residential,regular
239577107,highway,service,regular
239577216,building,yes,regular
239586294,building,residential,regular
239846742,building,residential,regular
239865558,building,residential,regular
240010972,name,,regular
240010972,oneway,yes,regular
240010972,highway,secondary,regular
240010972,en,,name
240094067,layer,2,regular
240094067,oneway,yes,regular
240094067,en,,name
240094067,railway,monorail,regular
240148966,building,yes,regular
240227445,oneway,yes,regular
240227445,highway,primary,regular
240302823,ref,G102,regular
240302823,name,,regular
240302823,lanes,2,regular
240302823,oneway,yes,regular
240302823,highway,motorway,regular
240302823,loc_name,通燕高速,regular
240302823,maxheight,4.5,regular
240302823,short_name,京哈线,regular
240333296,building,residential,regular
240338165,building,residential,regular
240486067,name,,regular
240486067,source,bing,regular
240486067,highway,residential,regular
240635781,name,,regular
240635781,oneway,yes,regular
240635781,highway,secondary,regular
240654172,building,yes,regular
240819261,highway,platform,regular
240819261,public_transport,platform,regular
240832251,name,,regular
240832251,building,university,regular
240903380,highway,tertiary,regular
241100376,highway,footway,regular
241116830,ref,X039,regular
241116830,name,,regular
241116830,oneway,yes,regular
241116830,highway,secondary,regular
241130453,gauge,1435,regular
241130453,railway,subway,regular
241130453,service,yard,regular
241130453,voltage,750,regular
241130453,frequency,0,regular
241130453,electrified,rail,regular
241254040,barrier,fence,regular
241491905,name,,regular
241491905,source,bing,regular
241491905,highway,residential,regular
241884224,highway,residential,regular
241941999,highway,tertiary,regular
242210036,lanes,2,regular
242210036,oneway,yes,regular
242210036,highway,primary,regular
242220253,highway,unclassified,regular
242312467,name,,regular
242312467,building,yes,regular
242493180,name,,regular
242493180,oneway,yes,regular
242493180,highway,tertiary,regular
242493180,en,,name
242493180,zh_pinyin,,name
242726742,name,,regular
242726742,oneway,yes,regular
242726742,highway,tertiary,regular
242726742,zh_pinyin,,name
242945743,oneway,yes,regular
242945743,highway,primary_link,regular
242969677,ref,X202,regular
242969677,highway,secondary,regular
243050661,highway,service,regular
243156814,sport,soccer,regular
243156814,leisure,pitch,regular
243898607,highway,residential,regular
244000595,highway,service,regular
244247160,name,,regular
244247160,lanes,3,regular
244247160,oneway,yes,regular
244247160,highway,trunk,regular
244247160,maxheight,4,regular
245161397,building,yes,regular
245753062,building,yes,regular
247164481,building,yes,regular
247171985,building,yes,regular
247175901,building,yes,regular
247175901,name,,regular
247351526,building,yes,regular
247398589,name,,regular
247398589,building,house,regular
248195453,building,house,regular
248274784,ref,S319,regular
248274784,highway,primary,regular
248634798,building,yes,regular
248645174,building,yes,regular
249229637,bench,no,regular
249229637,highway,platform,regular
249229637,shelter,yes,regular
249229637,public_transport,platform,regular
249741527,highway,unclassified,regular
250268328,highway,tertiary,regular
250365909,waterway,riverbank,regular
250714909,building,yes,regular
251314292,oneway,yes,regular
251314292,highway,secondary,regular
251486776,railway,rail,regular
251616067,waterway,river,regular
251742016,highway,tertiary,regular
252087322,highway,track,regular
252708501,name,,regular
252708501,gauge,1435,regular
252708501,en,,name
252708501,zh,,name
252708501,railway,rail,regular
252708501,voltage,25000,regular
252708501,frequency,50,regular
252708501,electrified,contact_line,regular
252762981,highway,unclassified,regular
252848282,building,yes,regular
253131468,highway,residential,regular
253329770,highway,unclassified,regular
253426415,bench,yes,regular
253426415,highway,platform,regular
253426415,shelter,yes,regular
253426415,public_transport,platform,regular
253593885,natural,water,regular
253874703,building,yes,regular
253876871,building,yes,regular
254299464,layer,1,regular
254299464,bridge,yes,regular
254299464,highway,tertiary,regular
254492324,name,,regular
254492324,highway,unclassified,regular
254651718,natural,wood,regular
255022299,highway,unclassified,regular
255421597,ref,G6,regular
255421597,name,,regular
255421597,lanes,2,regular
255421597,oneway,yes,regular
255421597,source,GPS,regular
255421597,highway,motorway,regular
255421597,int_ref,AH3,regular
255421597,en,Jingzhang 高速公路,name
255743007,building,yes,regular
255793577,building,yes,regular
256265197,highway,residential,regular
256266160,natural,water,regular
256271286,oneway,yes,regular
256271286,highway,secondary_link,regular
256295119,name,,regular
256295119,layer,-1,regular
256295119,tunnel,yes,regular
256295119,highway,tertiary,regular
256295119,surface,asphalt,regular
256295119,maxheight,4.5,regular
256453444,building,yes,regular
256696808,building,yes,regular
256824800,building,yes,regular
257208019,building,house,regular
257929666,source,"Bing,2011-10",regular
257929666,building,yes,regular
257929806,source,"Bing,2011-10",regular
257929806,highway,residential,regular
258088809,source,"Bing,2011-7",regular
258088809,building,yes,regular
258088909,source,"Bing,2011-7",regular
258088909,building,yes,regular
258198517,source,"Bing,2011-7",regular
258198517,building,yes,regular
258445018,highway,residential,regular
258604849,highway,residential,regular
261180770,highway,unclassified,regular
262209934,building,yes,regular
262361661,building,yes,regular
262543192,building,house,regular
262848810,building,yes,regular
263037377,building,yes,regular
263037377,shape,hipped,roof
263037377,colour,grey,roof
263617755,fixme,"Which country? Please check if this is an embassy and add ""name"" tags (e.g. ""Embassy of Sweden"").",regular
263617755,amenity,embassy,regular
263617755,barrier,fence,regular
263617755,diplomatic,embassy,regular
263929094,building,yes,regular
264402771,name,,regular
264402771,building,house,regular
264402771,street,石景山路,addr
265006588,name,,regular
265006588,building,industrial,regular
265305576,ref,S271;S304,regular
265305576,source,GPS,regular
265305576,highway,residential,regular
266512462,highway,unclassified,regular
267600661,bridge,yes,regular
267600661,highway,footway,regular
267610006,highway,unclassified,regular
267948886,building,yes,regular
267948886,shape,hipped,roof
267948886,colour,red,roof
268525883,highway,residential,regular
269850353,highway,service,regular
270313345,building,yes,regular
270577975,building,yes,regular
271478347,building,yes,regular
272980752,building,yes,regular
274467673,building,yes,regular
275938854,building,yes,regular
276200628,name,,regular
276200628,building,apartments,regular
276433868,building,yes,regular
276690083,power,line,regular
276690083,source,Bing,regular
276690083,voltage,220000,regular
277744188,highway,track,regular
277747047,building,yes,regular
277781278,highway,tertiary,regular
278157226,building,yes,regular
279457734,power,line,regular
279457734,source,Bing,regular
279457734,voltage,220000,regular
279529318,building,yes,regular
279701839,power,line,regular
279701839,source,Bing,regular
280166011,highway,service,regular
281238858,building,yes,regular
281972187,highway,footway,regular
283053036,building,commercial,regular
285476437,name,,regular
285476437,highway,secondary,regular
286013259,building,yes,regular
286022566,building,house,regular
286032659,building,house,regular
286050177,building,house,regular
286053725,building,house,regular
286199790,building,house,regular
286201519,building,house,regular
286202650,building,house,regular
286203208,building,house,regular
286213816,building,house,regular
286600283,building,yes,regular
286700863,building,yes,regular
286705236,building,yes,regular
286709069,building,yes,regular
286995997,building,yes,regular
286997042,building,yes,regular
287460964,building,yes,regular
287654071,highway,secondary,regular
287681357,highway,residential,regular
287706822,building,yes,regular
287709779,building,yes,regular
289859375,highway,service,regular
292162708,building,yes,regular
293129708,building,yes,regular
295065828,highway,service,regular
296119483,highway,footway,regular
297041956,building,yes,regular
297193293,highway,residential,regular
297317476,building,yes,regular
297328797,building,yes,regular
297483978,building,yes,regular
297712434,highway,residential,regular
297808756,building,yes,regular
297841472,building,yes,regular
297847684,building,yes,regular
298029966,highway,residential,regular
298137843,highway,tertiary,regular
299410040,highway,footway,regular
300741978,building,yes,regular
301784765,highway,service,regular
301893894,highway,footway,regular
302569525,highway,path,regular
302729193,building,yes,regular
302985882,highway,residential,regular
304581822,highway,secondary,regular
305390271,note,trunk road supreceded by expressway,regular
305390271,oneway,no,regular
305390271,source,Yahoo hires,regular
305390271,highway,residential,regular
306324448,building,yes,regular
308162874,ref,G106,regular
308162874,oneway,yes,regular
308162874,highway,trunk,regular
311120330,source,bing,regular
311120330,natural,wood,regular
311530403,building,yes,regular
311533294,building,yes,regular
311534144,building,yes,regular
312019392,building,yes,regular
312056677,building,yes,regular
312365172,landuse,industrial,regular
312538945,building,yes,regular
312852604,power,substation,regular
313320774,layer,1,regular
313320774,bridge,yes,regular
313320774,oneway,yes,regular
313320774,highway,primary,regular
313515394,name,,regular
313515394,highway,tertiary,regular
313680517,building,yes,regular
313779143,building,yes,regular
314356384,building,yes,regular
314357504,highway,residential,regular
314361040,bridge,yes,regular
314361040,highway,tertiary,regular
314771068,highway,residential,regular
317707397,oneway,yes,regular
317707397,highway,motorway_link,regular
317886806,highway,residential,regular
317913865,name,,regular
317913865,oneway,yes,regular
317913865,highway,tertiary,regular
317918502,name,6th Ring 路,regular
317918502,lanes,2,regular
317918502,oneway,yes,regular
317918502,highway,motorway,regular
317918502,int_ref,AH3,regular
317940182,name,,regular
317940182,gauge,1435,regular
317940182,layer,-1,regular
317940182,usage,main,regular
317940182,tunnel,yes,regular
317940182,railway,rail,regular
317940182,voltage,25000,regular
317940182,frequency,50,regular
317940182,electrified,contact_line,regular
317940182,passenger_lines,2,regular
318323174,highway,tertiary,regular
318327216,highway,residential,regular
318478892,highway,tertiary,regular
318488253,oneway,yes,regular
318488253,highway,primary,regular
318505823,building,yes,regular
318808484,building,yes,regular
318815838,building,yes,regular
319360463,building,yes,regular
320336918,name,,regular
320336918,landuse,residential,regular
320614830,lanes,1,regular
320614830,oneway,yes,regular
320614830,highway,secondary_link,regular
321391176,building,yes,regular
322827827,highway,footway,regular
323213172,highway,residential,regular
323225425,building,apartments,regular
323672175,name,,regular
323672175,gauge,1435,regular
323672175,layer,-1,regular
323672175,usage,main,regular
323672175,source,GPS,regular
323672175,tunnel,yes,regular
323672175,railway,rail,regular
323672175,voltage,25000,regular
323672175,frequency,50,regular
323672175,electrified,contact_line,regular
323672175,passenger_lines,1,regular
324633387,building,yes,regular
324914961,source,Bing,regular
324914961,highway,tertiary,regular
325139298,highway,service,regular
325387025,source,bing,regular
325387025,natural,water,regular
326177939,landuse,residential,regular
326207791,building,yes,regular
326318539,building,yes,regular
326483623,building,yes,regular
326490902,highway,service,regular
326733262,highway,residential,regular
327524607,foot,yes,regular
327524607,horse,no,regular
327524607,bridge,yes,regular
327524607,bicycle,no,regular
327524607,highway,footway,regular
327581802,source,"Bing,2013-11",regular
327581802,highway,unclassified,regular
327914791,name,,regular
327914791,oneway,yes,regular
327914791,highway,tertiary,regular
328287325,highway,tertiary,regular
328303677,building,yes,regular
328305882,lanes,3,regular
328305882,layer,1,regular
328305882,bridge,yes,regular
328305882,oneway,yes,regular
328305882,source,GPS,regular
328305882,highway,motorway,regular
328702001,highway,residential,regular
329452247,tunnel,no,regular
329452247,railway,subway,regular
329452247,service,yard,regular
329773840,gauge,1435,regular
329773840,tunnel,no,regular
329773840,railway,subway,regular
329773840,service,yard,regular
329773840,voltage,1500,regular
329773840,electrified,contact_line,regular
329819006,highway,residential,regular
330065585,railway,rail,regular
330065585,service,yard,regular
330240904,gauge,1435,regular
330240904,railway,rail,regular
330240904,service,yard,regular
330311281,gauge,1435,regular
330311281,railway,rail,regular
330311281,service,yard,regular
330468438,gauge,1435,regular
330468438,railway,rail,regular
330468438,service,yard,regular
330586790,gauge,1435,regular
330586790,railway,rail,regular
330586790,service,yard,regular
330745046,ref,X302,regular
330745046,layer,1,regular
330745046,bridge,yes,regular
330745046,highway,secondary,regular
330893818,gauge,1435,regular
330893818,railway,rail,regular
330893818,service,yard,regular
331188322,name,,regular
331188322,building,yes,regular
331385472,area,yes,regular
331385472,name,,regular
331385472,en,,name
331385472,zh,,name
331385472,railway,station,regular
331385472,station,subway,regular
331385472,public_transport,station,regular
331673087,layer,1,regular
331673087,bridge,yes,regular
331673087,oneway,yes,regular
331673087,highway,motorway,regular
331687324,name,,regular
331687324,lanes,2,regular
331687324,layer,-1,regular
331687324,oneway,yes,regular
331687324,tunnel,yes,regular
331687324,highway,motorway,regular
331687324,en,6th Ring 路,name
331760755,source,"Bing, 2011-7",regular
331760755,building,yes,regular
331760898,source,"Bing,2011-7",regular
331760898,building,yes,regular
331763242,source,Bing,regular
331763242,highway,unclassified,regular
332203155,ref,G1N,regular
332203155,lanes,2,regular
332203155,layer,1,regular
332203155,bridge,yes,regular
332203155,oneway,yes,regular
332203155,highway,construction,regular
332543589,name,,regular
332543589,building,apartments,regular
333938755,highway,service,regular
334053578,name,,regular
334053578,gauge,1435,regular
334053578,usage,main,regular
334053578,railway,rail,regular
334053578,voltage,25000,regular
334053578,electrified,contact_line,regular
334488841,oneway,yes,regular
334488841,highway,motorway_link,regular
334742241,oneway,yes,regular
334742241,highway,motorway_link,regular
334871270,natural,water,regular
337006241,sport,basketball,regular
337006241,leisure,pitch,regular
337505360,name,,regular
337505360,highway,residential,regular
338078745,highway,unclassified,regular
338475869,highway,footway,regular
338619466,highway,residential,regular
338736316,name,,regular
338736316,oneway,yes,regular
338736316,highway,secondary,regular
338736316,en,Jiuzong 路,name
341117827,highway,residential,regular
342933482,name,,regular
342933482,en,,name
342933482,building,apartments,regular
343054112,fixme,get more detailed track,regular
343054112,layer,1,regular
343054112,bridge,yes,regular
343054112,source,bing,regular
343054112,railway,rail,regular
344054185,tunnel,yes,regular
344054185,highway,track,regular
344714999,highway,unclassified,regular
344715149,source,Bing,regular
344715149,building,yes,regular
345428185,highway,service,regular
345676099,barrier,fence,regular
347258516,highway,service,regular
347258516,service,alley,regular
347800510,building,residential,regular
349978648,access,private,regular
349978648,highway,footway,regular
350503516,amenity,parking,regular
350719267,building,residential,regular
351050616,highway,cycleway,regular
351672637,barrier,fence,regular
351854068,building,yes,regular
352272538,building,yes,regular
352521249,building,residential,regular
352724236,building,residential,regular
352736748,building,yes,regular
352783149,highway,service,regular
353153345,natural,water,regular
353154535,building,yes,regular
354212613,highway,secondary,regular
354212613,lanes,2,regular
354212613,name,,regular
354212613,oneway,yes,regular
354218745,highway,residential,regular
354237431,building,yes,regular
354743878,building,yes,regular
354758095,building,yes,regular
354891640,building,yes,regular
355262164,building,yes,regular
356688321,ref,G5,regular
356688321,name,,regular
356688321,oneway,yes,regular
356688321,highway,motorway,regular
356734296,building,yes,regular
356866667,building,yes,regular
356871639,building,yes,regular
357172838,building,yes,regular
357317640,name,,regular
357317640,amenity,school,regular
357429627,building,yes,regular
357821694,building,yes,regular
357823429,highway,service,regular
357951389,building,yes,regular
358153542,building,yes,regular
358335637,building,yes,regular
358335747,building,yes,regular
358984826,source,Bing,regular
358984826,building,yes,regular
359007991,building,yes,regular
359189910,leisure,common,regular
359327417,building,yes,regular
359389262,building,yes,regular
359389404,building,yes,regular
359504469,building,yes,regular
359613595,name,,regular
359613595,lanes,2,regular
359613595,oneway,yes,regular
359613595,highway,motorway,regular
359613595,int_ref,AH1,regular
359613595,en,6th Ring 路,name
359613734,building,yes,regular
359677096,leisure,common,regular
359677196,building,yes,regular
360152889,building,yes,regular
361714072,building,yes,regular
364263156,leisure,park,regular
364440364,highway,service,regular
364440465,building,yes,regular
364440569,building,yes,regular
364446844,highway,service,regular
364446944,building,yes,regular
364448270,building,yes,regular
364451545,building,yes,regular
364451651,building,yes,regular
364499289,building,yes,regular
365029433,building,yes,regular
365077756,building,yes,regular
365077856,building,yes,regular
365081938,highway,service,regular
365324310,building,yes,regular
365815172,name,,regular
365815172,amenity,school,regular
366763871,oneway,yes,regular
366763871,highway,residential,regular
367397503,building,residential,regular
367397503,levels,11,building
367746397,building,yes,regular
368641400,highway,residential,regular
369327949,building,yes,regular
369333295,highway,footway,regular
369969414,barrier,wall,regular
370848994,access,private,regular
370848994,highway,service,regular
371402261,building,yes,regular
371497129,building,yes,regular
374075300,waterway,canal,regular
374771544,power,line,regular
374771544,cables,3,regular
375056668,access,private,regular
375056668,highway,service,regular
377007419,highway,path,regular
377843164,highway,footway,regular
378858570,name,,regular
378858570,gauge,1435,regular
378858570,bridge,yes,regular
378858570,railway,rail,regular
378858570,electrified,no,regular
378858570,passenger_lines,1,regular
379048516,highway,tertiary,regular
380507946,highway,tertiary,regular
383064934,bridge,yes,regular
383064934,highway,primary,regular
383064934,lanes,4,regular
383064934,layer,1,regular
383064934,name,Jianguo Bei 路,regular
383064934,en,Jianguo North 路,name
383064934,note,not accurate,regular
383064934,oneway,yes,regular
383064934,ref,G103,regular
384269689,building,yes,regular
386166732,boundary,administrative,regular
386166732,admin_level,6,regular
386429057,highway,residential,regular
386429157,building,yes,regular
386433899,building,yes,regular
389155200,lit,no,regular
389155200,highway,footway,regular
389547817,building,yes,regular
389671534,building,yes,regular
389689647,building,yes,regular
389892647,building,yes,regular
390161307,building,yes,regular
390164239,building,yes,regular
390165686,building,yes,regular
390168019,building,yes,regular
390168129,building,yes,regular
390175849,building,yes,regular
390177458,building,yes,regular
390177561,building,yes,regular
390178447,building,yes,regular
390195769,highway,service,regular
390195871,building,yes,regular
390195988,building,yes,regular
390196091,building,yes,regular
390196191,building,yes,regular
390227201,building,yes,regular
390227301,building,yes,regular
391182785,highway,residential,regular
392384019,gauge,1435,regular
392384019,railway,rail,regular
392384019,electrified,no,regular
392563307,name,,regular
392563307,building,yes,regular
393391908,building,yes,regular
395005314,highway,residential,regular
395699972,highway,residential,regular
395732810,building,yes,regular
395732911,building,yes,regular
395742116,building,yes,regular
395755346,highway,service,regular
395771447,building,yes,regular
398538970,ref,G3,regular
398538970,oneway,yes,regular
398538970,highway,motorway,regular
399008789,name,,regular
399008789,building,university,regular
399048650,highway,track,regular
399662354,name,,regular
399662354,bridge,yes,regular
399662354,en,,name
399662354,zh,,name
399662354,railway,rail,regular
402606928,highway,living_street,regular
403107012,lanes,2,regular
403107012,layer,1,regular
403107012,bridge,yes,regular
403107012,oneway,yes,regular
403107012,highway,motorway,regular
404254861,building,apartments,regular
404333184,building,yes,regular
404336305,building,yes,regular
404336405,building,yes,regular
404336507,building,yes,regular
404337741,building,yes,regular
404398134,highway,service,regular
404398280,building,yes,regular
404398413,building,yes,regular
404408931,building,yes,regular
404558488,ref,Y207,regular
404558488,highway,tertiary,regular
404570838,building,yes,regular
404573245,building,yes,regular
405140879,highway,residential,regular
405324841,natural,water,regular
405330970,highway,residential,regular
405404936,building,yes,regular
405407553,building,yes,regular
405407653,building,yes,regular
405407761,building,yes,regular
405414047,building,yes,regular
405418145,building,yes,regular
405422062,building,yes,regular
405430078,building,yes,regular
405477158,highway,service,regular
405480752,building,yes,regular
405585836,building,yes,regular
405593680,building,yes,regular
405603951,natural,water,regular
405604051,highway,residential,regular
405624981,highway,residential,regular
406581045,highway,residential,regular
406637622,highway,motorway_link,regular
406637622,oneway,yes,regular
406699822,natural,water,regular
406706265,highway,footway,regular
406899925,building,yes,regular
406922511,building,yes,regular
407631013,building,yes,regular
407650658,railway,rail,regular
407712167,building,yes,regular
407992769,highway,residential,regular
408325170,building,yes,regular
408474649,highway,residential,regular
408786124,building,yes,regular
408814014,oneway,yes,regular
408814014,highway,trunk_link,regular
408816861,building,yes,regular
409562439,ref,110,regular
409562439,aeroway,parking_position,regular
409817800,highway,tertiary,regular
409912260,highway,residential,regular
410189150,highway,residential,regular
410364743,aeroway,taxiway,regular
410400561,highway,unclassified,regular
410429099,building,yes,regular
410436846,building,yes,regular
410478818,aeroway,parking_position,regular
410708894,highway,residential,regular
411688095,building,yes,regular
411815622,highway,residential,regular
412292821,name,,regular
412292821,office,educational_institution,regular
412292821,en,,name
412292821,building,yes,regular
412451514,ref,G4,regular
412451514,name,,regular
412451514,lanes,3,regular
412451514,oneway,yes,regular
412451514,highway,motorway,regular
412451514,alt_name,京石高速公路,regular
412451514,short_name,京港澳高速,regular
412451514,en,Jingshi Expressway,alt_name
413453492,highway,residential,regular
414258560,highway,primary,regular
414258560,lanes,2,regular
414258560,oneway,yes,regular
414258560,ref,S204,regular
415409815,landuse,residential,regular
415667541,building,yes,regular
415676318,building,yes,regular
415935353,natural,wood,regular
415936243,building,yes,regular
415981839,building,yes,regular
415999058,highway,residential,regular
416012500,name,,regular
416012500,oneway,yes,regular
416012500,highway,tertiary,regular
416037817,building,yes,regular
416079297,building,yes,regular
416083847,building,yes,regular
416144961,building,yes,regular
416562317,amenity,parking,regular
417440936,highway,tertiary,regular
417460694,name,,regular
417460694,source,bing,regular
417460694,highway,secondary,regular
417500190,highway,unclassified,regular
417527768,building,yes,regular
417618107,highway,service,regular
417631410,building,yes,regular
417638360,highway,service,regular
417833241,highway,unclassified,regular
417937518,ref,G104;G105,regular
417937518,lanes,2,regular
417937518,oneway,yes,regular
417937518,highway,primary,regular
419368182,highway,residential,regular
419381566,natural,water,regular
419402727,building,yes,regular
419425571,building,yes,regular
419425671,building,yes,regular
419439040,building,yes,regular
419670271,highway,cycleway,regular
419838220,source,Bing,regular
419838220,building,yes,regular
419838324,source,Bing,regular
419838324,building,yes,regular
421065212,ref,808,regular
421065212,aeroway,parking_position,regular
422325589,building,yes,regular
422325689,building,yes,regular
422328213,building,yes,regular
422329774,building,yes,regular
422331472,building,yes,regular
422369402,name,,regular
422369402,gauge,1435,regular
422369402,railway,rail,regular
422369402,electrified,contact_line,regular
425987159,building,yes,regular
426066646,railway,rail,regular
426311600,ref,G6,regular
426311600,name,,regular
426311600,lanes,2,regular
426311600,oneway,yes,regular
426311600,highway,motorway,regular
426311600,int_ref,AH3,regular
426311600,alt_name,八达岭高速,regular
426311600,short_name,京藏高速,regular
426311600,en,Badaling Expressway,alt_name
426414858,building,yes,regular
429790760,name,,regular
429790760,highway,steps,regular
433243515,highway,service,regular
433243515,motor_vehicle,no,regular
434747709,place,island,regular
434747709,water,pond,regular
434747709,natural,water,regular
435150380,building,commercial,regular
436365033,highway,service,regular
436365033,service,alley,regular
436572880,highway,residential,regular
436603347,highway,residential,regular
436615330,highway,unclassified,regular
436626098,highway,residential,regular
436739451,highway,residential,regular
437592498,highway,residential,regular
438478472,highway,unclassified,regular
438478621,ref,G6,regular
438478621,name,,regular
438478621,lanes,2,regular
438478621,layer,1,regular
438478621,bridge,yes,regular
438478621,oneway,yes,regular
438478621,highway,motorway,regular
438478621,int_ref,AH3,regular
438478621,en,Jingzhang 高速公路,name
438505767,highway,unclassified,regular
439439957,highway,service,regular
439646826,highway,residential,regular
439704445,highway,residential,regular
439704553,highway,residential,regular
439879743,building,yes,regular
439898526,building,yes,regular
440046527,building,residential,regular
440190274,highway,residential,regular
440194876,building,house,regular
440196574,building,house,regular
440212043,highway,residential,regular
441729538,building,yes,regular
442004198,name,,regular
442004198,landuse,residential,regular
442079755,sport,basketball,regular
442079755,leisure,pitch,regular
442374263,sport,basketball,regular
442374263,leisure,pitch,regular
442400672,sport,tennis,regular
442400672,leisure,pitch,regular
442781371,highway,tertiary,regular
443020403,highway,residential,regular
443772628,building,yes,regular
444098591,name,,regular
444098591,landuse,residential,regular
444134520,sport,basketball,regular
444134520,leisure,pitch,regular
444267501,highway,footway,regular
444425382,building,yes,regular
444593286,building,yes,regular
445130188,layer,1,regular
445130188,bridge,yes,regular
445130188,highway,footway,regular
445444235,building,yes,regular
446496262,highway,tertiary,regular
447252921,landuse,military,regular
448749851,horse,no,regular
448749851,bicycle,no,regular
448749851,highway,steps,regular
448749851,motor_vehicle,no,regular
450210243,building,yes,regular
450760140,building,yes,regular
451306300,building,residential,regular
453481910,name,,regular
453481910,leisure,park,regular
454485239,name,,regular
454485239,phone,+86 010 69618888,regular
454485239,rooms,306,regular
454485239,stars,4,regular
454485239,en,,name
454485239,smoking,no,regular
454485239,tourism,hotel,regular
454485239,website,http://www.sunriseeast-hotel.com/,regular
454485239,building,yes,regular
454485239,city,北京市怀柔区,addr
454485239,street,雁水路,addr
454485239,internet_access,wlan,regular
454485239,housenumber,甲8号,addr
454485239,fee,no,internet_access
455470422,name,,regular
455470422,oneway,yes,regular
455470422,highway,tertiary,regular
455470422,int_name,Meishikou Lu,regular
456795434,highway,residential,regular
458797293,name,,regular
458797293,building,retail,regular
459367587,landuse,residential,regular
460189029,railway,rail,regular
460189183,gauge,1435,regular
460189183,layer,1,regular
460189183,usage,main,regular
460189183,bridge,yes,regular
460189183,oneway,yes,regular
460189183,railway,rail,regular
460189183,voltage,25000,regular
460189183,maxspeed,380,regular
460189183,frequency,50,regular
460189183,highspeed,yes,regular
460189183,electrified,contact_line,regular
461665099,highway,service,regular
462626880,oneway,yes,regular
462626880,highway,tertiary,regular
463090376,layer,1,regular
463090376,bridge,yes,regular
463090376,highway,footway,regular
463984154,building,yes,regular
463985859,building,yes,regular
465797742,highway,service,regular
466643059,building,yes,regular
466839082,highway,motorway_link,regular
466839082,oneway,yes,regular
467677749,building,yes,regular
468392433,highway,unclassified,regular
468392552,waterway,river,regular
468464126,building,yes,regular
468515408,highway,unclassified,regular
468742809,highway,unclassified,regular
468813247,building,yes,regular
468822300,highway,service,regular
468844131,building,yes,regular
468870452,building,yes,regular
468883711,highway,unclassified,regular
468890377,building,yes,regular
469512043,building,yes,regular
469518343,building,yes,regular
469539626,building,yes,regular
470051643,highway,unclassified,regular
470062386,highway,tertiary,regular
471022708,highway,secondary,regular
471022708,lanes,2,regular
471022708,name,,regular
471022708,oneway,yes,regular
474312272,area,yes,regular
474312272,name,,regular
474642517,housenumber,3011-3063,addr
474642517,building,apartments,regular
474642517,levels,6,building
474642517,name,,regular
474747283,building,residential,regular
474747283,levels,4,building
474747383,building,residential,regular
474747383,levels,4,building
474754827,building,house,regular
474754959,building,house,regular
474755070,building,house,regular
474759891,building,house,regular
474760001,building,house,regular
474781483,building,yes,regular
474781483,levels,1,building
474799829,highway,residential,regular
475444870,building,apartments,regular
475930063,highway,tertiary,regular
475930063,name,,regular
475930063,en,Binhe North 路,name
476106747,building,yes,regular
476128582,building,yes,regular
476128692,building,yes,regular
476128795,building,yes,regular
477227298,building,yes,regular
477239808,building,yes,regular
477239909,building,yes,regular
477258207,building,yes,regular
477267148,building,yes,regular
477296540,building,yes,regular
